"DESCRIPTION","DURATION IN MS","NAME","PARENT SUITE","START TIME","STATUS","STOP TIME","SUB SUITE","SUITE","TEST CLASS","TEST METHOD"
"Проверяем, что сервис вернет ошибку с невалидными данными запроса и не будет вызова внешнего сервиса.","98","Сценарий: Отправка LOGIN с не валидным token (31 символ).","","2026-10-08","passed","2026-10-08","","tests.AuthLifecycleBaseTest","tests.AuthLifecycleBaseTest","testLoginInvalidTokenLength"
"Проверяем, что пользователь может успешно пройти все этапы действий с системой.","3521","Сценарий: Полный жизненный цикл действий (LOGIN -> ACTION -> LOGOUT).","","2026-10-08","passed","2026-10-08","","tests.AuthLifecycleBaseTest","tests.AuthLifecycleBaseTest","testFullUserLifecycle"
"Проверяем, что сервис не делает вызов /auth, при выполнении LOGIN, если внешний сервис не доступен.","188","Сценарий: Ошибка внешнего сервиса.","","2026-10-08","passed","2026-10-08","","tests.AuthLifecycleBaseTest","tests.AuthLifecycleBaseTest","testLoginFailsWhenExternalServiceIsDown"
"Проверяем, что сервис на действие ACTION тригерит вызов /doAction.","188","Сценарий: Выполняются действия LOGIN и ACTION для успешных вызовов внешнего сервиса.","","2026-10-08","passed","2026-10-08","","tests.AuthLifecycleBaseTest","tests.AuthLifecycleBaseTest","testActionAfterLogin"
"Проверяем, что после LOGOUT токен удаляется и попытка ACTION возвращает 403 без вызова /doAction.","3354","Сценарий: ACTION после LOGOUT отклоняется.","","2026-10-08","passed","2026-10-08","","tests.NegativeAndEdgeCasesTest","tests.NegativeAndEdgeCasesTest","testActionAfterLogoutFails"
"Проверяем, что токен длиннее 32 символов возвращает 400 и внешний сервис не вызывается.","131","Сценарий: Токен длиной 33 символа отклоняется.","","2026-10-08","passed","2026-10-08","","tests.NegativeAndEdgeCasesTest","tests.NegativeAndEdgeCasesTest","testLoginWithTooLongTokenFails"
"Проверяем, что система должна блокировать попытки выполнения действий без начального действия LOGIN. Вызов /doAction не происходит.","174","Сценарий: Попытка выполнить действие ACTION без предварительного LOGIN.","","2026-10-08","passed","2026-10-08","","tests.AuthLifecycleBaseTest","tests.AuthLifecycleBaseTest","testActionWithoutLoginShouldFail"
"Проверяем, что сервис на действие LOGIN тригерит вызов /auth.","162","Сценарий: Выполняются действия LOGIN для успешного вызова внешнего сервиса.","","2026-10-08","passed","2026-10-08","","tests.AuthLifecycleBaseTest","tests.AuthLifecycleBaseTest","testSuccessfulLogin"
"Проверяем, что токен в нижнем регистре не проходит валидацию и внешний сервис не вызывается.","3151","Сценарий: Токен в нижнем регистре отклоняется.","","2026-10-08","passed","2026-10-08","","tests.NegativeAndEdgeCasesTest","tests.NegativeAndEdgeCasesTest","testLoginWithLowercaseTokenFails"
"Проверяем, что при ошибке внешнего сервиса /doAction действие ACTION возвращает ошибку 500.","318","Сценарий: Ошибка внешнего сервиса /doAction.","","2026-10-08","passed","2026-10-08","","tests.NegativeAndEdgeCasesTest","tests.NegativeAndEdgeCasesTest","testActionFailsWhenDoActionReturnsError"
"Проверяем, что система должна блокировать попытки выполнения действий с неверным ключом.","153","Сценарий: Попытка LOGIN с неверным X-Api-Key ключом.","","2026-10-08","passed","2026-10-08","","tests.AuthLifecycleBaseTest","tests.AuthLifecycleBaseTest","testInvalidApiKeyCheck"
"Проверяем, что запрос без заголовка X-Api-Key возвращает 401 и не триггерит вызов внешнего сервиса.","3148","Сценарий: Запрос без заголовка X-Api-Key отклоняется.","","2026-10-08","passed","2026-10-08","","tests.NegativeAndEdgeCasesTest","tests.NegativeAndEdgeCasesTest","testMissingApiKeyHeader"
